IP Address,Port,Code,Country,Anonymity,Google,Https
45.128.220.124,59394,EE,Estonia,anonymous,,yes
43.224.10.36,6666,IN,India,anonymous,,yes
59.153.83.170,55667,ID,Indonesia,anonymous,,yes
203.81.87.186,10443,MM,Myanmar,anonymous,,yes
45.128.220.138,59394,EE,Estonia,anonymous,,yes
183.88.134.239,8080,TH,Thailand,anonymous,yes,yes
200.37.140.36,10101,PE,Peru,anonymous,,yes
175.100.103.170,55443,KH,Cambodia,anonymous,,yes
180.183.3.222,8080,TH,Thailand,anonymous,yes,yes
20.47.108.204,8888,US,United States,anonymous,yes,yes
202.169.229.139,53281,ID,Indonesia,anonymous,,yes
186.219.96.47,54570,BR,Brazil,anonymous,,yes
115.75.1.156,38351,VN,Vietnam,anonymous,,yes
43.224.10.37,6666,IN,India,anonymous,,yes
103.124.2.229,3128,JP,Japan,anonymous,yes,yes
103.152.238.82,8080,ID,Indonesia,anonymous,,yes
118.201.86.150,3128,SG,Singapore,anonymous,,yes
145.239.226.151,1080,FR,France,anonymous,,yes
